{
  "overall": {
    "precision": 0.8372067244349853,
    "recall": 0.3611111111111111,
    "f1": 0.3786136225761927,
    "num_samples": 144.0
  },
  "class": {
    "computer-vision": {
      "precision": 0.9565217391304348,
      "recall": 0.4074074074074074,
      "f1": 0.5714285714285714,
      "num_samples": 54.0
    },
    "mlops": {
      "precision": 0.6363636363636364,
      "recall": 0.5833333333333334,
      "f1": 0.6086956521739131,
      "num_samples": 12.0
    },
    "natural-language-processing": {
      "precision": 1.0,
      "recall": 0.10344827586206896,
      "f1": 0.1875,
      "num_samples": 58.0
    },
    "other": {
      "precision": 0.16346153846153846,
      "recall": 0.85,
      "f1": 0.2741935483870968,
      "num_samples": 20.0
    }
  },
  "slices": {
    "nlp_cnn": {
      "precision": 1.0,
      "recall": 1.0,
      "f1": 1.0,
      "num_samples": 1
    },
    "short_text": {
      "precision": 0.4,
      "recall": 0.4,
      "f1": 0.4000000000000001,
      "num_samples": 5
    }
  }
}