{
  "overall": {
    "precision": 0.8880436190218799,
    "recall": 0.8472222222222222,
    "f1": 0.8585934819897084,
    "num_samples": 144.0
  },
  "class": {
    "computer-vision": {
      "precision": 0.9565217391304348,
      "recall": 0.8148148148148148,
      "f1": 0.8800000000000001,
      "num_samples": 54.0
    },
    "mlops": {
      "precision": 0.8461538461538461,
      "recall": 0.9166666666666666,
      "f1": 0.8799999999999999,
      "num_samples": 12.0
    },
    "natural-language-processing": {
      "precision": 0.9615384615384616,
      "recall": 0.8620689655172413,
      "f1": 0.9090909090909091,
      "num_samples": 58.0
    },
    "other": {
      "precision": 0.5151515151515151,
      "recall": 0.85,
      "f1": 0.6415094339622641,
      "num_samples": 20.0
    }
  },
  "slices": {
    "nlp_cnn": {
      "precision": 1.0,
      "recall": 1.0,
      "f1": 1.0,
      "num_samples": 1
    },
    "short_text": {
      "precision": 0.8,
      "recall": 0.8,
      "f1": 0.8000000000000002,
      "num_samples": 5
    }
  }
}