{
  "shuffle": true,
  "subset": null,
  "min_freq": 75,
  "lower": true,
  "stem": false,
  "analyzer": "char_wb",
  "ngram_max_range": 9,
  "alpha": 0.0001,
  "learning_rate": 0.01490241390320848,
  "power_t": 0.34247392239944313,
  "threshold": {
    "0": 0.4232780910292883,
    "1": 0.5605782280245643,
    "2": 0.5186779804339392,
    "3": 0.5
  },
  "num_epochs": 100
}
