{
  "shuffle": true,
  "subset": null,
  "min_freq": 75,
  "lower": true,
  "stem": false,
  "analyzer": "char_wb",
  "ngram_max_range": 5,
  "alpha": 0.0001,
  "learning_rate": 0.046047438845988525,
  "power_t": 0.24209582724574724,
  "threshold": {
    "0": 0.4987049744444015,
    "1": 0.5826074952916112,
    "2": 0.41188823073453373,
    "3": 0.5
  },
  "num_epochs": 100,
  "threshold_0": 0.4987049744444015,
  "threshold_1": 0.5826074952916112,
  "threshold_2": 0.41188823073453373
}
