{
  "shuffle": true,
  "subset": null,
  "min_freq": 75,
  "lower": true,
  "stem": false,
  "analyzer": "char",
  "ngram_max_range": 4,
  "alpha": 0.0001,
  "learning_rate": 0.19004748909444447,
  "power_t": 0.46172664351146075,
  "threshold": {
    "0": 0.6293795540694873,
    "1": 0.4198767038271523,
    "2": 0.7356551424518953,
    "3": 0.5
  },
  "num_epochs": 100,
  "threshold_0": 0.6293795540694873,
  "threshold_1": 0.4198767038271523,
  "threshold_2": 0.7356551424518953
}
