{
  "overall": {
    "precision": 0.8932500743383884,
    "recall": 0.8333333333333334,
    "f1": 0.8419064023136985,
    "num_samples": 144.0,
    "loss": 0.3930228811692923
  },
  "class": {
    "computer-vision": {
      "precision": 1.0,
      "recall": 0.7037037037037037,
      "f1": 0.8260869565217391,
      "num_samples": 54.0
    },
    "mlops": {
      "precision": 1.0,
      "recall": 0.75,
      "f1": 0.8571428571428571,
      "num_samples": 12.0
    },
    "natural-language-processing": {
      "precision": 0.8983050847457628,
      "recall": 0.9137931034482759,
      "f1": 0.9059829059829059,
      "num_samples": 58.0
    },
    "other": {
      "precision": 0.5263157894736842,
      "recall": 1.0,
      "f1": 0.6896551724137931,
      "num_samples": 20.0
    }
  },
  "slices": {
    "nlp_cnn": {
      "precision": 1.0,
      "recall": 1.0,
      "f1": 1.0,
      "num_samples": 1
    },
    "short_text": {
      "precision": 1.0,
      "recall": 1.0,
      "f1": 1.0,
      "num_samples": 5
    }
  }
}
