{
  "overall": {
    "precision": 0.9318206797296702,
    "recall": 0.9305555555555556,
    "f1": 0.9298343315090426,
    "num_samples": 144.0,
    "loss": 0.28015433384681615
  },
  "class": {
    "computer-vision": {
      "precision": 0.9615384615384616,
      "recall": 0.9259259259259259,
      "f1": 0.9433962264150944,
      "num_samples": 54.0
    },
    "mlops": {
      "precision": 0.9,
      "recall": 0.75,
      "f1": 0.8181818181818182,
      "num_samples": 12.0
    },
    "natural-language-processing": {
      "precision": 0.9322033898305084,
      "recall": 0.9482758620689655,
      "f1": 0.94017094017094,
      "num_samples": 58.0
    },
    "other": {
      "precision": 0.8695652173913043,
      "recall": 1.0,
      "f1": 0.9302325581395349,
      "num_samples": 20.0
    }
  },
  "slices": {
    "short_text": {
      "precision": 0.8571428571428571,
      "recall": 0.8571428571428571,
      "f1": 0.8571428571428571,
      "num_samples": 7
    }
  }
}
