{
  "shuffle": true,
  "subset": null,
  "min_freq": 75,
  "lower": true,
  "stem": false,
  "analyzer": "char_wb",
  "ngram_max_range": 8,
  "alpha": 0.0001,
  "learning_rate": 0.03379615705943874,
  "power_t": 0.11772404793461658,
  "threshold": {
    "0": 0.42178064711653546,
    "1": 0.7907893937194711,
    "2": 0.42248687113238487,
    "3": 0.5
  },
  "num_epochs": 100,
  "threshold_0": 0.4941915356759116,
  "threshold_1": 0.6012053388016121,
  "threshold_2": 0.5331618554843188
}