{
  "shuffle": true,
  "subset": null,
  "min_freq": 75,
  "lower": true,
  "stem": false,
  "analyzer": "char_wb",
  "ngram_max_range": 6,
  "alpha": 0.0001,
  "learning_rate": 0.9990220920024645,
  "power_t": 0.395565297758251,
  "threshold": {
    "0": 0.6413888844453579,
    "1": 0.69253915151241,
    "2": 0.4762046671030734,
    "3": 0.5
  },
  "num_epochs": 100,
  "threshold_0": 0.6454697101066598,
  "threshold_1": 0.7863889263397505,
  "threshold_2": 0.49878717401511974
}