{
  "shuffle": true,
  "subset": null,
  "min_freq": 75,
  "lower": true,
  "stem": false,
  "analyzer": "char_wb",
  "ngram_max_range": 8,
  "alpha": 0.0001,
  "learning_rate": 0.0168175454255382,
  "power_t": 0.4621204423573871,
  "threshold": {
    "0": 0.43187984953453573,
    "1": 0.4918490095691183,
    "2": 0.5422219542982806,
    "3": 0.5
  },
  "num_epochs": 100,
  "threshold_0": 0.45872841112336027,
  "threshold_1": 0.47171911980309517,
  "threshold_2": 0.5533168045535664
}