{
  "overall": {
    "precision": 0.8908102773182137,
    "recall": 0.875,
    "f1": 0.8794557346428624,
    "num_samples": 144.0
  },
  "class": {
    "computer-vision": {
      "precision": 0.9387755102040817,
      "recall": 0.8518518518518519,
      "f1": 0.8932038834951458,
      "num_samples": 54.0
    },
    "mlops": {
      "precision": 0.8461538461538461,
      "recall": 0.9166666666666666,
      "f1": 0.8799999999999999,
      "num_samples": 12.0
    },
    "natural-language-processing": {
      "precision": 0.9454545454545454,
      "recall": 0.896551724137931,
      "f1": 0.920353982300885,
      "num_samples": 58.0
    },
    "other": {
      "precision": 0.6296296296296297,
      "recall": 0.85,
      "f1": 0.723404255319149,
      "num_samples": 20.0
    }
  },
  "slices": {
    "nlp_cnn": {
      "precision": 1.0,
      "recall": 1.0,
      "f1": 1.0,
      "num_samples": 1
    },
    "short_text": {
      "precision": 0.8,
      "recall": 0.8,
      "f1": 0.8000000000000002,
      "num_samples": 5
    }
  }
}