{
  "overall": {
    "precision": 0.8797333167433952,
    "recall": 0.7708333333333334,
    "f1": 0.787050316557512,
    "num_samples": 144.0
  },
  "class": {
    "computer-vision": {
      "precision": 1.0,
      "recall": 0.5740740740740741,
      "f1": 0.7294117647058824,
      "num_samples": 54.0
    },
    "mlops": {
      "precision": 0.8888888888888888,
      "recall": 0.6666666666666666,
      "f1": 0.761904761904762,
      "num_samples": 12.0
    },
    "natural-language-processing": {
      "precision": 0.9298245614035088,
      "recall": 0.9137931034482759,
      "f1": 0.9217391304347825,
      "num_samples": 58.0
    },
    "other": {
      "precision": 0.40425531914893614,
      "recall": 0.95,
      "f1": 0.5671641791044776,
      "num_samples": 20.0
    }
  },
  "slices": {
    "nlp_cnn": {
      "precision": 1.0,
      "recall": 1.0,
      "f1": 1.0,
      "num_samples": 1
    },
    "short_text": {
      "precision": 1.0,
      "recall": 1.0,
      "f1": 1.0,
      "num_samples": 5
    }
  }
}