{
  "overall": {
    "precision": 0.9090909090909091,
    "recall": 0.7847222222222222,
    "f1": 0.8116036791308531,
    "num_samples": 144.0,
    "loss": 0.28825410342384283
  },
  "class": {
    "computer-vision": {
      "precision": 1.0,
      "recall": 0.8333333333333334,
      "f1": 0.9090909090909091,
      "num_samples": 54.0
    },
    "mlops": {
      "precision": 0.9090909090909091,
      "recall": 0.8333333333333334,
      "f1": 0.8695652173913043,
      "num_samples": 12.0
    },
    "natural-language-processing": {
      "precision": 1.0,
      "recall": 0.6551724137931034,
      "f1": 0.7916666666666666,
      "num_samples": 58.0
    },
    "other": {
      "precision": 0.4,
      "recall": 1.0,
      "f1": 0.5714285714285715,
      "num_samples": 20.0
    }
  },
  "slices": {
    "short_text": {
      "precision": 0.7142857142857143,
      "recall": 0.7142857142857143,
      "f1": 0.7142857142857143,
      "num_samples": 7
    }
  }
}
